Product,Price
"Chest Deep Freezer 7 Cu Ft Frozen Food Storage Ice Fridge With Basket, Black NEW",246.14
"Chest Deep Freezer 7 Cu Ft Frozen Food Storage Ice Fridge With Basket, Black NEW",244.34
Avanti 3.5 Cu. Ft. Stand Alone Upright Chest Freezer,205.0
"TACKLIFE Chest Freezer 3.5 Cu.Ft Quiet, Deep Freezer 7 Temp Settings (-11.2â„‰ low",189.99
"RCA 10 Cubic Foot Chest Freezer, cu ft, White",305.76
"Arctic King 5 cu ft Chest Freezer Removable Storage Basket Easy Access Defrost ,",176.49
"Magic Chef MCUF3S2 3 Cubic Foot Deep Small Mini Upright Freezer, Stainless Steel",248.0
Zokop Mini Freezer Small 1.1 Cu Ft Compact Energy Efficient with Shelf Sliver,188.69
Compact Upright 5.0 Cu FT. Deep Freezer Chest w/ Removable Storage Basket ,183.81
"Chest Freezer 5 Cu.ft, TACKLIFE Upright Freezer with Adjustable Thermostat,White",229.99
"Chest Deep Freezer 7 Cu Ft Frozen Food Storage Ice Fridge With Basket, Black NEW",199.99
Avanti 2.5 Cu. Ft. Chest Freezer - White,199.99
WHYNTER Energy Star 1.1 cu. ft. Upright Freezer with Lock,124.99
Compact Upright 5.0 Cu FT. Deep Freezer Chest w/ Removable Storage Basket,189.43
Black & Decker 3.5 Cu. Ft. Chest Freezer - White,219.99
"Arctic King 7 Cu ft Chest Freezer, Black",210.0
MINI CHEST FREEZER 5 Cu Ft Energy Efficient Compact Ice Frozen Food Black Fridge,214.02
3.5 Cu Ft Compact Deep Chest Upright Freezer Storage Home Quick Defrost Black,26.52
Zokop Compact Single Door Upright Freezer Mini Reversible Door Stainless Steel,148.69
Avanti 3.5 Cu. Ft. Chest Freezer - White,224.99
New ListingCompact Upright 5.0 Cu FT. Deep Freezer Chest w/ Removable Storage Basket,214.99
"Danby Designer 8.5 Cu Ft Storage Upright Deep Freezer Cooler, White (For Parts)",197.99
"Chest Deep Freezer 5 Cu Ft Frozen Food Storage Ice Fridge With Basket, Black NEW",214.02
Upright Freezer Small Mini 3 Cu Ft Shelves White Energy Star Adjustable Legs,276.04
Chest Deep Freezer 7 Cu Ft Frozen Food Storage Ice Fridge With Basket Black NEW,273.34
"Danby 61"" Chest Freezer with 14.5 Cu. Ft. Capacity DCF145A3WDB",599.99
UPRIGHT MINI FREEZER Small 1.1 Cu Ft Energy Efficient with Shelf White,157.8
"Upright Freezer 3 Cu Ft Compact Small Mini, Shelves, Energy Star Certified White",223.09
Black & Decker 3.5 Cu. Ft.  Top-Loading Chest Freezer - White,209.0
"Arctic King 5 Cu ft Chest Freezer, Black",182.52
insignia freezer 5.0 CU,50.0
"Chest Deep Freezer 7 Cu Ft Frozen Food Storage Ice Fridge With Basket, Black NEW",237.79
"Chest Deep Freezer 7 Cu Ft Frozen Food Storage Ice Fridge With Basket, Black NEW",244.99
"Avanti CF500M0W-IS 5 Cubic Foot Stand Alone Upright Deep Freezer Chest, White",279.99
Smad 3.0 Cubic Feet Upright Freezer Stainless Steel Mini Freezer Reversible Door,225.0
SMAD 3.0 Cu Ft Upright Freezer Sleek Stainless Steel Home Dorm Office Chiller ,229.0
"Smad Upright Freezer, 3.0 Cubic Feet, Stainless Steel E-star Freezer",228.99
Medical Freezer FZR1,175.0
Mini Fridge Freezer Small Refrigerator 10L Ft Compact Frozen Food Storage NEW,76.99
New ListingNorthair 3.5 Cu Ft Chest Freezer,296.25
"Arctic King 7 Cu ft Chest Freezer, Black",346.19
Arctic King 5 cu ft Chest Freezer,202.21
5 Cu ft Chest Deep Freezer Black Large-Capacity Upright Basement Frozen Storage,207.85
New 7 Cu. Ft. Upright Freezer Frozen Food Storage Appliance Reversible Door ,469.98
AccuCold Commercial Chest Freezer (Cryo),2000.0
5 Cu Ft Chest Freezer Removable Storage Basket Easy Access Defrost Drain Black,203.8
Danby Diplomat 3.5 Cubic Feet Compact Upright Freezer Storage Chest White (Used),164.99
"King 1.1 Cu ft Upright Freezer AUFM011AEW, White",129.99
"Chest Deep Freezer 7 Cu Ft Frozen Food Storage Ice Fridge With Basket, Black NEW",224.99
Premium 13.8 Cu Ft Frost Free Upright Freezer In White Digital control LED ,969.99
Premium 13.8 Cu Ft Frost Free Upright Freezer In INOX Digital control LED  ,969.99
Chest Freezer 10 Cubic Feet cu ft Upright Storage White NEW | FREE Delivery,479.99
"Arctic King 3.0 cu ft Upright Freezer White, E-star",246.67
GE 17 cu.ft. Garage Ready Frost Free Upright Freezer---BRAND NEW!!,899.0
PREMIUM-7.0 Cu Ft New White Chest Freezer. Adjustable Temperature Control.,499.99
Frigidaire Upright Freezer Used,350.0
Upright Frigidaire Freezer 16.6 cubic ft,330.0
UPRIGHT FREEZER Small Mini 3 Cu Ft Shelves Stainless Steel,212.95
Avanti 2.5 Cu. Ft. Chest Freezer with  Defrost Drain,199.36
Whirlpool frost free upright freezer,675.0
Removable Basket Chest Freezer  Large Capacity Refrigerator with Energy Saving,342.995
7 CuFt Portable Compact Deep Freeze Chest Freezer Storage Quick Defrost White,280.0
